{
    "depo_id": "m5kq1pz8uw0lxe7rfs4h",
    "depo_time_received": "2023-05-16T09:22:41.758912Z",
    "transcription_name": "transcription_m5kq1pz8uw0lxe7rfs4h.txt",
    "OperatingSystem": "Windows",
    "BusinessUnit": "Litigation Services",
    "CaseNumber": "2:23-CV-04587-MWF /State: California",
    "Jurisdiction": "Central District of California",
    "DepositionDate": "2023-05-15",
    "DeponentName": "Michael Johnson",
    "CaseName": "Jennifer Smith v. Acme Corporation",
    "JobID": "2023-758201",
    "FileName": "Johnson, Michael - 758201 - Final.txt"
}